Names,Dates
Data Quality Metrics You Should Track and Measure,6/27/2022
Brand New Lessons on Everything Data Gathering,6/22/2022
Why You Shouldn't Use Free Proxies - Risks & Reasons,6/22/2022
Reducing the Cost of Data Collection,6/22/2022
Oxylabs Cooperates with CODE,6/16/2022
Real-Time Online Media Monitoring Infrastructure,6/15/2022
Building a Competitor Intelligence System for E-Commerce,6/14/2022
Web Scraping on a Large-Scale for E-Commerce (Ultimate Guide),6/13/2022
OxyCon 2022: Leading-Edge Conference in All Things Web Scraping,6/9/2022
Oxylabs Proxy Integration With Lalicat Browser,6/7/2022
How to Make Web Scraping Faster â€“ Python Tutorial,6/7/2022
Guide to Solving Proxy Status Errors,6/7/2022
How to Make HTTP Requests in Node.js With Fetch API,6/2/2022
Oxylabs Forms a Pro-bono Partnership With the University of Michigan,5/31/2022
Using Apache Airflow to Build a Pipeline for Scraped Data,5/30/2022
Hard Data vs. Soft Data: The Difference,5/25/2022
Proxies for Web Scraping: a Complete Guide | OxyCast #5,5/23/2022
Shared Datacenter Proxies Quick Start Guide,5/17/2022
New Cost-Effective Proxy Solution: Introducing Shared Datacenter Proxies,5/17/2022
